{"cameraMode":{"drawMode":0,"name":"Shaded","section":"Shading Mode"},"sceneLighting":false,"audioPlay":false,"sceneViewState":{"m_AlwaysRefresh":false,"showFog":true,"showSkybox":false,"showFlares":true,"showImageEffects":true,"showParticleSystems":true,"showVisualEffectGraphs":true,"m_FxEnabled":true},"in2DMode":false,"pivot":{"x":6.788789749145508,"y":10.575267791748047,"z":4.446380615234375},"rotation":{"x":0.04612904042005539,"y":-0.04434166103601456,"z":-0.0020556016825139524,"w":-0.9979742765426636},"size":4.665285587310791,"orthographic":false}